energy_kev,no_cut_counts_per_1kev,score_ge_threshold_counts_per_1kev
0.5,24,0
1.5,35,0
2.5,46,0
3.5,38,0
4.5,38,0
5.5,42,0
6.5,40,0
7.5,55,0
8.5,49,0
9.5,55,0
10.5,61,1
11.5,47,0
12.5,56,0
13.5,51,0
14.5,66,0
15.5,74,0
16.5,85,0
17.5,83,0
18.5,84,0
19.5,73,0
20.5,91,0
21.5,73,0
22.5,89,0
23.5,73,0
24.5,75,0
25.5,72,0
26.5,83,0
27.5,79,0
28.5,81,0
29.5,104,0
30.5,94,0
31.5,105,0
32.5,79,0
33.5,72,0
34.5,81,0
35.5,92,0
36.5,91,1
37.5,101,0
38.5,93,0
39.5,89,0
40.5,108,0
41.5,110,0
42.5,107,0
43.5,104,0
44.5,106,1
45.5,106,1
46.5,135,2
47.5,136,2
48.5,114,0
49.5,143,3
50.5,150,2
51.5,144,1
52.5,150,5
53.5,175,0
54.5,160,4
55.5,165,1
56.5,195,5
57.5,189,6
58.5,209,5
59.5,189,7
60.5,202,7
61.5,244,14
62.5,228,12
63.5,229,17
64.5,232,18
65.5,258,21
66.5,259,32
67.5,285,30
68.5,267,33
69.5,330,59
70.5,313,44
71.5,337,76
72.5,365,81
73.5,368,63
74.5,418,91
75.5,386,77
76.5,433,92
77.5,451,112
78.5,477,126
79.5,540,132
80.5,563,154
81.5,562,132
82.5,658,184
83.5,628,146
84.5,668,177
85.5,798,222
86.5,793,206
87.5,812,217
88.5,866,234
89.5,1037,271
90.5,1041,270
91.5,1108,272
92.5,1177,286
93.5,1159,303
94.5,1194,305
95.5,1355,373
96.5,1350,346
97.5,1535,432
98.5,1584,452
99.5,1812,507
100.5,1903,493
101.5,2139,608
102.5,2384,646
103.5,2582,680
104.5,2605,749
105.5,2828,809
106.5,2875,865
107.5,2792,831
108.5,2905,859
109.5,2959,853
110.5,3040,919
111.5,3159,1021
112.5,3230,1048
113.5,3367,1093
114.5,3553,1172
115.5,3681,1231
116.5,3789,1279
117.5,3741,1280
118.5,3821,1317
119.5,3971,1371
120.5,4005,1358
121.5,4216,1555
122.5,4287,1603
123.5,4445,1622
124.5,4486,1659
125.5,4597,1726
126.5,4558,1803
127.5,4670,1805
128.5,4745,1895
129.5,4728,1910
130.5,4669,1946
131.5,4480,1835
132.5,4562,1912
133.5,4517,1933
134.5,4353,1870
135.5,4498,2023
136.5,4491,2011
137.5,4536,2076
138.5,4662,2135
139.5,4601,2120
140.5,4690,2153
141.5,4641,2219
142.5,4761,2321
143.5,4674,2278
144.5,4949,2434
145.5,4805,2402
146.5,4970,2530
147.5,4824,2509
148.5,4802,2472
149.5,4976,2648
150.5,5037,2747
151.5,5098,2746
152.5,5203,2822
153.5,5131,2865
154.5,5268,2974
155.5,5121,2849
156.5,5230,2889
157.5,5139,2937
158.5,5144,3003
159.5,5094,3000
160.5,5132,3042
161.5,5134,3083
162.5,5100,3143
163.5,5110,3149
164.5,5157,3253
165.5,5206,3277
166.5,5174,3274
167.5,5197,3287
168.5,5347,3412
169.5,5165,3268
170.5,5271,3392
171.5,5301,3453
172.5,5215,3356
173.5,5406,3499
174.5,5411,3611
175.5,5306,3529
176.5,5427,3570
177.5,5513,3747
178.5,5434,3625
179.5,5477,3695
180.5,5531,3742
181.5,5381,3631
182.5,5538,3755
183.5,5528,3760
184.5,5497,3757
185.5,5523,3753
186.5,5543,3756
187.5,5462,3767
188.5,5590,3840
189.5,5457,3821
190.5,5349,3733
191.5,5436,3808
192.5,5347,3776
193.5,5312,3759
194.5,5411,3892
195.5,5281,3740
196.5,5371,3830
197.5,5612,3936
198.5,5465,3885
199.5,5493,3933
200.5,5481,3917
201.5,5440,3928
202.5,5488,3922
203.5,5535,3984
204.5,5424,3952
205.5,5507,3951
206.5,5776,4186
207.5,6241,4511
208.5,7020,5169
209.5,6990,5143
210.5,6694,4943
211.5,5927,4373
212.5,5487,4012
213.5,5215,3835
214.5,5323,3881
215.5,5453,3999
216.5,5232,3830
217.5,5277,3883
218.5,5111,3766
219.5,4970,3676
220.5,5070,3709
221.5,5110,3721
222.5,5079,3728
223.5,4923,3592
224.5,4946,3616
225.5,4928,3607
226.5,5028,3691
227.5,5100,3785
228.5,5176,3840
229.5,5112,3817
230.5,5285,3897
231.5,5591,4130
232.5,5431,4065
233.5,5546,4156
234.5,5820,4275
235.5,7664,5678
236.5,13319,10158
237.5,22849,17703
238.5,30349,23686
239.5,29030,22828
240.5,20262,15851
241.5,12122,9470
242.5,7133,5496
243.5,5133,3949
244.5,4099,3090
245.5,3967,2977
246.5,3817,2865
247.5,3742,2789
248.5,3874,2919
249.5,3706,2758
250.5,3862,2836
251.5,3802,2829
252.5,3830,2877
253.5,3917,2930
254.5,4020,3010
255.5,3880,2828
256.5,3798,2903
257.5,3731,2703
258.5,3749,2776
259.5,3788,2782
260.5,3827,2775
261.5,3819,2724
262.5,3843,2772
263.5,3882,2798
264.5,3853,2769
265.5,3891,2825
266.5,3990,2862
267.5,4184,3008
268.5,4621,3269
269.5,5334,3867
270.5,6147,4484
271.5,6038,4419
272.5,5298,3859
273.5,4461,3226
274.5,4176,2956
275.5,4471,3129
276.5,5054,3643
277.5,5634,4046
278.5,5285,3854
279.5,4608,3314
280.5,4140,2923
281.5,3875,2658
282.5,3695,2593
283.5,3826,2643
284.5,3674,2565
285.5,3736,2603
286.5,3791,2691
287.5,3891,2725
288.5,3773,2639
289.5,3667,2473
290.5,3666,2567
291.5,3621,2496
292.5,3611,2484
293.5,3637,2509
294.5,3601,2535
295.5,3521,2448
296.5,3894,2719
297.5,4555,3213
298.5,5507,3922
299.5,6068,4453
300.5,5332,3853
301.5,4242,2986
302.5,3749,2614
303.5,3363,2320
304.5,3414,2331
305.5,3317,2254
306.5,3354,2291
307.5,3285,2185
308.5,3203,2219
309.5,3258,2204
310.5,3248,2241
311.5,3316,2289
312.5,3228,2159
313.5,3241,2179
314.5,3263,2203
315.5,3346,2266
316.5,3276,2222
317.5,3227,2201
318.5,3372,2292
319.5,3282,2192
320.5,3473,2428
321.5,3443,2333
322.5,3284,2257
323.5,3538,2412
324.5,3818,2657
325.5,4776,3377
326.5,5831,4196
327.5,5718,4139
328.5,4784,3402
329.5,3935,2701
330.5,3676,2502
331.5,3580,2441
332.5,3577,2416
333.5,3836,2606
334.5,4988,3486
335.5,7850,5770
336.5,11410,8457
337.5,12251,9243
338.5,9627,7202
339.5,5958,4366
340.5,4013,2847
341.5,3254,2211
342.5,2844,1893
343.5,2876,1972
344.5,2789,1909
345.5,2702,1804
346.5,2685,1804
347.5,2684,1797
348.5,2755,1836
349.5,2784,1895
350.5,2744,1848
351.5,2764,1866
352.5,2809,1845
353.5,2722,1798
354.5,2699,1813
355.5,2694,1790
356.5,2704,1823
357.5,2662,1780
358.5,2627,1749
359.5,2619,1716
360.5,2693,1778
361.5,2682,1745
362.5,2656,1720
363.5,2587,1686
364.5,2707,1760
365.5,2725,1782
366.5,2690,1764
367.5,2770,1828
368.5,2671,1728
369.5,2654,1684
370.5,2727,1802
371.5,2761,1758
372.5,2721,1760
373.5,2700,1704
374.5,2723,1778
375.5,2713,1761
376.5,2799,1813
377.5,2712,1759
378.5,2741,1735
379.5,2721,1743
380.5,2716,1727
381.5,2691,1656
382.5,2678,1711
383.5,2768,1711
384.5,2730,1707
385.5,2621,1683
386.5,2762,1745
387.5,2735,1760
388.5,2775,1744
389.5,2736,1696
390.5,2749,1685
391.5,2737,1676
392.5,2667,1649
393.5,2757,1715
394.5,2611,1636
395.5,2631,1671
396.5,2698,1671
397.5,2684,1680
398.5,2665,1687
399.5,2601,1627
400.5,2574,1610
401.5,2600,1578
402.5,2517,1581
403.5,2431,1525
404.5,2510,1613
405.5,2632,1715
406.5,3049,2040
407.5,3617,2431
408.5,3896,2669
409.5,3673,2575
410.5,2803,1895
411.5,2372,1576
412.5,2244,1444
413.5,2223,1438
414.5,2230,1424
415.5,2145,1397
416.5,2202,1412
417.5,2095,1364
418.5,2180,1425
419.5,2055,1376
420.5,2049,1348
421.5,2133,1358
422.5,2064,1294
423.5,2052,1250
424.5,2043,1281
425.5,2108,1384
426.5,2105,1336
427.5,1923,1232
428.5,1973,1284
429.5,2045,1288
430.5,2040,1310
431.5,1970,1281
432.5,2020,1308
433.5,2079,1368
434.5,1983,1294
435.5,1960,1252
436.5,1988,1316
437.5,2145,1368
438.5,2099,1384
439.5,2069,1352
440.5,2016,1323
441.5,2010,1314
442.5,1943,1284
443.5,1921,1258
444.5,1927,1247
445.5,1880,1232
446.5,1855,1193
447.5,1960,1238
448.5,1997,1290
449.5,1902,1235
450.5,2044,1376
451.5,2076,1335
452.5,2130,1471
453.5,2102,1404
454.5,2027,1355
455.5,1843,1202
456.5,1853,1168
457.5,1921,1231
458.5,1872,1203
459.5,2228,1462
460.5,2986,2035
461.5,4285,2972
462.5,5098,3705
463.5,5118,3710
464.5,3855,2773
465.5,2548,1750
466.5,2091,1375
467.5,1873,1212
468.5,1760,1108
469.5,1747,1095
470.5,1697,1076
471.5,1822,1151
472.5,1856,1176
473.5,1849,1152
474.5,1868,1166
475.5,1854,1132
476.5,1940,1222
477.5,1929,1209
478.5,1966,1240
479.5,1937,1267
480.5,1839,1165
481.5,1798,1099
482.5,1760,1088
483.5,1792,1101
484.5,1780,1100
485.5,1737,1088
486.5,1856,1127
487.5,1724,1082
488.5,1790,1140
489.5,1768,1059
490.5,1786,1108
491.5,1841,1149
492.5,1748,1086
493.5,1787,1119
494.5,1739,1073
495.5,1812,1079
496.5,1790,1099
497.5,1742,1044
498.5,1737,1073
499.5,1750,1070
500.5,1744,1066
501.5,1809,1139
502.5,1898,1150
503.5,1891,1188
504.5,1948,1211
505.5,1980,1228
506.5,2498,1585
507.5,3721,2494
508.5,6013,4279
509.5,8746,6444
510.5,9767,7298
511.5,8297,6175
512.5,5444,3995
513.5,3223,2165
514.5,2105,1333
515.5,1839,1143
516.5,1750,1060
517.5,1632,968
518.5,1631,1000
519.5,1664,1019
520.5,1734,1072
521.5,1620,986
522.5,1709,1011
523.5,1725,1044
524.5,1730,1039
525.5,1641,1005
526.5,1624,973
527.5,1576,948
528.5,1687,1023
529.5,1651,978
530.5,1649,998
531.5,1594,938
532.5,1566,945
533.5,1612,982
534.5,1649,996
535.5,1733,1012
536.5,1609,959
537.5,1576,949
538.5,1661,983
539.5,1656,1017
540.5,1624,996
541.5,1607,989
542.5,1636,1025
543.5,1577,953
544.5,1621,981
545.5,1669,1050
546.5,1728,1058
547.5,1761,1087
548.5,1747,1078
549.5,1669,1024
550.5,1650,1022
551.5,1711,1069
552.5,1632,999
553.5,1617,980
554.5,1643,987
555.5,1672,1065
556.5,1544,945
557.5,1650,988
558.5,1641,988
559.5,1675,1059
560.5,1776,1071
561.5,2025,1360
562.5,2151,1391
563.5,2137,1390
564.5,1946,1211
565.5,1742,1084
566.5,1621,994
567.5,1637,1030
568.5,1646,985
569.5,1686,1033
570.5,1717,1047
571.5,1709,1089
572.5,1806,1124
573.5,1726,1090
574.5,1625,1025
575.5,1649,1019
576.5,1690,1065
577.5,1751,1089
578.5,1980,1235
579.5,2671,1724
580.5,5321,3691
581.5,11380,8414
582.5,19483,14929
583.5,23552,18307
584.5,19458,15242
585.5,10844,8405
586.5,4715,3458
587.5,2204,1459
588.5,1555,973
589.5,1450,840
590.5,1492,923
591.5,1364,843
592.5,1559,935
593.5,1498,849
594.5,1427,834
595.5,1364,783
596.5,1411,827
597.5,1368,796
598.5,1357,802
599.5,1413,817
600.5,1438,835
601.5,1391,788
602.5,1359,840
603.5,1424,854
604.5,1371,781
605.5,1393,827
606.5,1492,884
607.5,1465,889
608.5,1527,918
609.5,1542,918
610.5,1451,914
611.5,1478,888
612.5,1449,875
613.5,1405,854
614.5,1359,825
615.5,1421,855
616.5,1453,845
617.5,1463,884
618.5,1449,854
619.5,1473,875
620.5,1493,898
621.5,1506,902
622.5,1439,862
623.5,1483,893
624.5,1422,853
625.5,1531,886
626.5,1463,846
627.5,1480,899
628.5,1463,882
629.5,1546,876
630.5,1433,870
631.5,1520,924
632.5,1474,873
633.5,1411,821
634.5,1547,911
635.5,1405,841
636.5,1477,854
637.5,1421,844
638.5,1432,858
639.5,1446,903
640.5,1405,858
641.5,1488,875
642.5,1429,868
643.5,1462,851
644.5,1381,792
645.5,1419,863
646.5,1484,914
647.5,1475,899
648.5,1384,843
649.5,1474,871
650.5,1412,845
651.5,1437,903
652.5,1437,878
653.5,1405,816
654.5,1352,796
655.5,1410,842
656.5,1480,881
657.5,1470,846
658.5,1415,804
659.5,1517,876
660.5,1472,869
661.5,1462,893
662.5,1401,802
663.5,1446,858
664.5,1386,796
665.5,1521,899
666.5,1418,821
667.5,1488,904
668.5,1431,844
669.5,1505,851
670.5,1543,941
671.5,1484,842
672.5,1561,902
673.5,1534,942
674.5,1521,905
675.5,1582,927
676.5,1597,955
677.5,1584,934
678.5,1502,882
679.5,1452,831
680.5,1538,897
681.5,1448,821
682.5,1479,853
683.5,1503,844
684.5,1543,876
685.5,1506,864
686.5,1505,899
687.5,1555,902
688.5,1598,914
689.5,1623,957
690.5,1573,910
691.5,1572,884
692.5,1580,899
693.5,1510,906
694.5,1621,920
695.5,1600,950
696.5,1604,918
697.5,1610,934
698.5,1549,901
699.5,1570,901
700.5,1678,984
701.5,1659,948
702.5,1748,1030
703.5,1705,984
704.5,1613,909
705.5,1598,931
706.5,1596,910
707.5,1676,996
708.5,1611,943
709.5,1554,968
710.5,1522,911
711.5,1553,942
712.5,1521,886
713.5,1506,877
714.5,1347,800
715.5,1372,806
716.5,1409,912
717.5,1349,828
718.5,1329,817
719.5,1387,890
720.5,1384,881
721.5,1466,911
722.5,1397,886
723.5,1688,1068
724.5,2327,1571
725.5,3874,2813
726.5,5885,4504
727.5,6559,5103
728.5,5443,4220
729.5,3503,2597
730.5,1965,1344
731.5,1438,901
732.5,1271,771
733.5,1300,784
734.5,1253,762
735.5,1244,751
736.5,1249,766
737.5,1300,825
738.5,1249,763
739.5,1236,749
740.5,1212,755
741.5,1286,784
742.5,1221,756
743.5,1202,714
744.5,1200,718
745.5,1168,722
746.5,1212,749
747.5,1180,738
748.5,1170,730
749.5,1249,762
750.5,1243,741
751.5,1258,777
752.5,1332,840
753.5,1569,1052
754.5,1793,1211
755.5,1812,1224
756.5,1689,1117
757.5,1451,972
758.5,1291,811
759.5,1180,733
760.5,1295,810
761.5,1364,910
762.5,1446,951
763.5,1521,1056
764.5,1411,921
765.5,1199,790
766.5,1061,662
767.5,1090,707
768.5,1051,686
769.5,1181,801
770.5,1496,1063
771.5,1915,1410
772.5,1977,1511
773.5,1812,1370
774.5,1384,981
775.5,1108,774
776.5,973,666
777.5,932,625
778.5,942,621
779.5,928,592
780.5,1062,717
781.5,1228,835
782.5,1338,993
783.5,1445,1034
784.5,1577,1153
785.5,1694,1264
786.5,1424,1050
787.5,1147,836
788.5,916,644
789.5,857,585
790.5,956,632
791.5,1134,783
792.5,1819,1341
793.5,2798,2155
794.5,3636,2883
795.5,3547,2773
796.5,2541,1978
797.5,1501,1114
798.5,961,675
799.5,804,527
800.5,744,474
801.5,718,475
802.5,714,478
803.5,666,454
804.5,667,444
805.5,706,462
806.5,675,431
807.5,663,451
808.5,674,439
809.5,685,449
810.5,636,408
811.5,666,425
812.5,634,398
813.5,644,434
814.5,659,460
815.5,635,422
816.5,673,438
817.5,685,455
818.5,650,434
819.5,630,406
820.5,638,407
821.5,683,464
822.5,641,424
823.5,624,412
824.5,671,435
825.5,661,435
826.5,668,415
827.5,715,474
828.5,809,570
829.5,974,689
830.5,1014,736
831.5,967,696
832.5,939,669
833.5,1102,810
834.5,1485,1114
835.5,1724,1327
836.5,1531,1169
837.5,1261,959
838.5,1149,836
839.5,1133,838
840.5,1191,899
841.5,1027,768
842.5,777,544
843.5,592,402
844.5,547,363
845.5,535,362
846.5,533,347
847.5,495,305
848.5,493,339
849.5,487,346
850.5,501,306
851.5,565,389
852.5,536,354
853.5,497,337
854.5,531,333
855.5,589,394
856.5,658,445
857.5,1032,736
858.5,1811,1368
859.5,2895,2313
860.5,3457,2768
861.5,2993,2394
862.5,1876,1447
863.5,959,716
864.5,565,405
865.5,508,321
866.5,461,309
867.5,495,319
868.5,480,320
869.5,512,342
870.5,482,328
871.5,527,340
872.5,490,317
873.5,532,356
874.5,500,326
875.5,488,329
876.5,431,274
877.5,449,306
878.5,431,273
879.5,452,289
880.5,429,264
881.5,402,258
882.5,481,308
883.5,443,280
884.5,473,313
885.5,430,288
886.5,470,305
887.5,453,305
888.5,436,305
889.5,473,317
890.5,496,317
891.5,495,336
892.5,620,426
893.5,669,478
894.5,617,436
895.5,517,365
896.5,504,324
897.5,435,296
898.5,459,307
899.5,472,313
900.5,516,349
901.5,609,415
902.5,720,523
903.5,909,675
904.5,945,697
905.5,959,700
906.5,1023,706
907.5,1757,1253
908.5,4281,3226
909.5,9120,7247
910.5,14930,12186
911.5,16989,13996
912.5,13313,10995
913.5,7063,5854
914.5,2582,2121
915.5,891,673
916.5,440,285
917.5,350,209
918.5,359,222
919.5,350,229
920.5,388,236
921.5,353,215
922.5,328,214
923.5,322,192
924.5,334,214
925.5,359,228
926.5,363,222
927.5,340,211
928.5,362,226
929.5,402,250
930.5,380,252
931.5,371,244
932.5,369,230
933.5,321,194
934.5,331,208
935.5,345,217
936.5,320,190
937.5,361,215
938.5,338,204
939.5,371,227
940.5,326,204
941.5,356,218
942.5,376,244
943.5,375,254
944.5,401,270
945.5,360,230
946.5,384,245
947.5,415,259
948.5,424,300
949.5,375,236
950.5,424,305
951.5,434,299
952.5,468,301
953.5,458,323
954.5,380,244
955.5,412,272
956.5,419,283
957.5,481,349
958.5,551,391
959.5,545,375
960.5,555,377
961.5,769,525
962.5,1452,1101
963.5,2533,1979
964.5,3502,2798
965.5,4106,3275
966.5,4799,3767
967.5,6832,5532
968.5,9415,7670
969.5,10049,8231
970.5,7457,6166
971.5,3842,3163
972.5,1449,1125
973.5,525,369
974.5,311,185
975.5,312,186
976.5,286,182
977.5,297,172
978.5,281,161
979.5,274,154
980.5,318,203
981.5,286,159
982.5,306,190
983.5,317,181
984.5,291,176
985.5,313,184
986.5,326,197
987.5,350,226
988.5,347,233
989.5,323,204
990.5,337,201
991.5,263,142
992.5,283,163
993.5,263,142
994.5,259,149
995.5,245,145
996.5,269,168
997.5,239,129
998.5,248,132
999.5,262,144
1000.5,249,142
1001.5,285,168
1002.5,259,144
1003.5,293,157
1004.5,255,137
1005.5,257,135
1006.5,266,148
1007.5,296,187
1008.5,235,132
1009.5,273,159
1010.5,275,164
1011.5,273,151
1012.5,268,156
1013.5,267,155
1014.5,262,156
1015.5,309,172
1016.5,265,150
1017.5,294,171
1018.5,282,161
1019.5,296,176
1020.5,274,168
1021.5,262,149
1022.5,287,162
1023.5,275,158
1024.5,270,164
1025.5,274,164
1026.5,281,155
1027.5,274,153
1028.5,295,161
1029.5,269,160
1030.5,270,161
1031.5,325,212
1032.5,386,238
1033.5,360,248
1034.5,305,186
1035.5,304,193
1036.5,269,157
1037.5,262,147
1038.5,291,177
1039.5,288,179
1040.5,297,179
1041.5,301,181
1042.5,297,185
1043.5,291,162
1044.5,229,125
1045.5,251,164
1046.5,241,128
1047.5,246,150
1048.5,242,139
1049.5,255,149
1050.5,239,144
1051.5,264,151
1052.5,283,162
1053.5,236,148
1054.5,281,178
1055.5,262,146
1056.5,259,141
1057.5,280,160
1058.5,241,146
1059.5,234,132
1060.5,246,131
1061.5,259,148
1062.5,267,156
1063.5,287,182
1064.5,345,220
1065.5,348,223
1066.5,294,192
1067.5,304,195
1068.5,300,171
1069.5,277,155
1070.5,261,143
1071.5,271,157
1072.5,263,145
1073.5,279,172
1074.5,270,161
1075.5,289,178
1076.5,368,244
1077.5,451,313
1078.5,555,403
1079.5,495,336
1080.5,462,328
1081.5,362,232
1082.5,280,179
1083.5,249,148
1084.5,264,144
1085.5,264,140
1086.5,257,155
1087.5,232,133
1088.5,232,137
1089.5,246,156
1090.5,284,161
1091.5,293,175
1092.5,314,194
1093.5,356,238
1094.5,419,286
1095.5,403,260
1096.5,316,197
1097.5,296,177
1098.5,280,160
1099.5,258,152
1100.5,258,145
1101.5,260,148
1102.5,262,157
1103.5,257,147
1104.5,241,138
1105.5,269,150
1106.5,253,135
1107.5,281,178
1108.5,310,197
1109.5,365,238
1110.5,432,308
1111.5,418,296
1112.5,385,267
1113.5,296,187
1114.5,285,150
1115.5,266,157
1116.5,272,165
1117.5,273,168
1118.5,296,182
1119.5,292,176
1120.5,270,169
1121.5,287,176
1122.5,239,150
1123.5,298,171
1124.5,224,124
1125.5,253,160
1126.5,259,146
1127.5,236,135
1128.5,234,115
1129.5,225,119
1130.5,286,154
1131.5,262,155
1132.5,226,132
1133.5,255,138
1134.5,268,156
1135.5,263,144
1136.5,242,122
1137.5,241,125
1138.5,241,133
1139.5,265,161
1140.5,246,152
1141.5,237,146
1142.5,270,154
1143.5,253,136
1144.5,235,136
1145.5,219,125
1146.5,240,145
1147.5,294,177
1148.5,273,153
1149.5,274,167
1150.5,268,170
1151.5,304,181
1152.5,330,199
1153.5,319,192
1154.5,313,195
1155.5,316,188
1156.5,248,160
1157.5,268,143
1158.5,244,143
1159.5,271,157
1160.5,238,132
1161.5,258,149
1162.5,277,166
1163.5,292,178
1164.5,280,164
1165.5,313,186
1166.5,296,172
1167.5,251,146
1168.5,245,130
1169.5,262,142
1170.5,276,164
1171.5,258,145
1172.5,274,160
1173.5,290,165
1174.5,254,140
1175.5,283,161
1176.5,260,139
1177.5,243,129
1178.5,230,133
1179.5,232,127
1180.5,279,164
1181.5,251,130
1182.5,278,167
1183.5,279,175
1184.5,229,124
1185.5,258,161
1186.5,231,137
1187.5,227,125
1188.5,253,141
1189.5,256,148
1190.5,256,136
1191.5,264,157
1192.5,258,164
1193.5,251,117
1194.5,230,124
1195.5,246,157
1196.5,240,133
1197.5,272,145
1198.5,298,171
1199.5,282,173
1200.5,255,158
1201.5,275,162
1202.5,265,160
1203.5,269,147
1204.5,232,133
1205.5,250,133
1206.5,249,139
1207.5,288,172
1208.5,253,140
1209.5,241,129
1210.5,276,153
1211.5,237,137
1212.5,278,165
1213.5,254,153
1214.5,260,138
1215.5,253,143
1216.5,277,150
1217.5,275,150
1218.5,259,146
1219.5,268,166
1220.5,263,161
1221.5,262,140
1222.5,269,138
1223.5,274,155
1224.5,257,149
1225.5,257,147
1226.5,264,136
1227.5,248,143
1228.5,253,135
1229.5,286,159
1230.5,281,163
1231.5,277,155
1232.5,240,131
1233.5,275,150
1234.5,276,163
1235.5,258,150
1236.5,259,153
1237.5,281,165
1238.5,286,156
1239.5,253,143
1240.5,246,151
1241.5,279,162
1242.5,294,183
1243.5,325,201
1244.5,370,235
1245.5,517,344
1246.5,549,386
1247.5,535,370
1248.5,474,322
1249.5,388,240
1250.5,354,218
1251.5,288,175
1252.5,273,159
1253.5,269,148
1254.5,254,145
1255.5,255,164
1256.5,248,148
1257.5,290,165
1258.5,254,141
1259.5,283,156
1260.5,278,163
1261.5,253,148
1262.5,271,156
1263.5,269,140
1264.5,275,156
1265.5,236,135
1266.5,268,162
1267.5,270,153
1268.5,285,169
1269.5,258,149
1270.5,251,135
1271.5,235,119
1272.5,275,146
1273.5,286,176
1274.5,267,147
1275.5,257,134
1276.5,290,166
1277.5,266,143
1278.5,256,140
1279.5,290,165
1280.5,281,173
1281.5,271,150
1282.5,297,165
1283.5,252,140
1284.5,291,149
1285.5,302,191
1286.5,315,182
1287.5,337,207
1288.5,318,193
1289.5,268,164
1290.5,262,147
1291.5,273,149
1292.5,248,138
1293.5,290,173
1294.5,255,152
1295.5,255,152
1296.5,226,129
1297.5,250,156
1298.5,263,147
1299.5,274,152
1300.5,257,157
1301.5,280,155
1302.5,260,145
1303.5,252,152
1304.5,248,144
1305.5,261,142
1306.5,279,160
1307.5,252,141
1308.5,275,181
1309.5,290,172
1310.5,309,177
1311.5,264,150
1312.5,265,141
1313.5,259,146
1314.5,291,173
1315.5,267,154
1316.5,273,164
1317.5,241,134
1318.5,263,137
1319.5,267,161
1320.5,268,154
1321.5,254,140
1322.5,265,165
1323.5,259,144
1324.5,271,152
1325.5,276,149
1326.5,269,140
1327.5,281,146
1328.5,242,117
1329.5,275,143
1330.5,294,163
1331.5,255,149
1332.5,283,165
1333.5,276,162
1334.5,280,157
1335.5,289,172
1336.5,289,166
1337.5,248,144
1338.5,256,138
1339.5,272,156
1340.5,267,162
1341.5,264,148
1342.5,236,139
1343.5,287,156
1344.5,265,146
1345.5,266,155
1346.5,283,175
1347.5,280,161
1348.5,270,144
1349.5,292,171
1350.5,282,152
1351.5,239,148
1352.5,282,169
1353.5,246,143
1354.5,269,159
1355.5,280,166
1356.5,276,154
1357.5,293,160
1358.5,266,155
1359.5,265,162
1360.5,260,157
1361.5,289,162
1362.5,251,140
1363.5,284,159
1364.5,267,158
1365.5,263,145
1366.5,256,139
1367.5,270,161
1368.5,248,134
1369.5,270,145
1370.5,265,148
1371.5,250,143
1372.5,272,158
1373.5,277,156
1374.5,255,155
1375.5,253,161
1376.5,249,158
1377.5,248,147
1378.5,262,145
1379.5,268,162
1380.5,250,136
1381.5,257,151
1382.5,234,139
1383.5,254,138
1384.5,216,120
1385.5,245,140
1386.5,233,133
1387.5,227,136
1388.5,234,142
1389.5,236,151
1390.5,235,138
1391.5,266,158
1392.5,219,129
1393.5,253,151
1394.5,241,139
1395.5,254,128
1396.5,221,132
1397.5,252,146
1398.5,248,129
1399.5,249,160
1400.5,230,138
1401.5,226,138
1402.5,242,153
1403.5,233,152
1404.5,231,121
1405.5,250,152
1406.5,238,136
1407.5,264,160
1408.5,235,160
1409.5,236,135
1410.5,223,141
1411.5,225,129
1412.5,228,145
1413.5,239,143
1414.5,209,115
1415.5,230,140
1416.5,227,130
1417.5,223,123
1418.5,220,139
1419.5,195,100
1420.5,212,125
1421.5,190,115
1422.5,199,116
1423.5,204,128
1424.5,203,123
1425.5,210,125
1426.5,202,120
1427.5,221,130
1428.5,207,133
1429.5,228,132
1430.5,232,145
1431.5,223,144
1432.5,227,145
1433.5,237,137
1434.5,244,138
1435.5,215,122
1436.5,243,148
1437.5,198,113
1438.5,207,124
1439.5,206,128
1440.5,218,139
1441.5,187,111
1442.5,167,111
1443.5,203,121
1444.5,197,107
1445.5,213,132
1446.5,195,118
1447.5,194,107
1448.5,190,114
1449.5,200,122
1450.5,205,135
1451.5,209,136
1452.5,204,130
1453.5,216,127
1454.5,208,128
1455.5,207,122
1456.5,211,136
1457.5,322,217
1458.5,448,312
1459.5,539,396
1460.5,607,446
1461.5,553,390
1462.5,434,299
1463.5,270,189
1464.5,198,127
1465.5,169,102
1466.5,203,120
1467.5,180,109
1468.5,171,104
1469.5,182,107
1470.5,220,130
1471.5,175,103
1472.5,170,98
1473.5,183,116
1474.5,146,78
1475.5,190,108
1476.5,160,98
1477.5,179,108
1478.5,184,114
1479.5,207,135
1480.5,159,91
1481.5,208,123
1482.5,188,112
1483.5,178,108
1484.5,164,99
1485.5,168,104
1486.5,197,115
1487.5,164,92
1488.5,174,109
1489.5,169,109
1490.5,167,105
1491.5,183,98
1492.5,194,112
1493.5,231,143
1494.5,329,231
1495.5,499,359
1496.5,555,412
1497.5,541,421
1498.5,483,350
1499.5,326,220
1500.5,317,221
1501.5,336,240
1502.5,383,293
1503.5,331,238
1504.5,294,203
1505.5,197,121
1506.5,182,109
1507.5,147,74
1508.5,183,112
1509.5,176,112
1510.5,190,113
1511.5,196,124
1512.5,284,210
1513.5,308,229
1514.5,287,193
1515.5,228,150
1516.5,199,120
1517.5,143,80
1518.5,162,97
1519.5,179,115
1520.5,161,105
1521.5,149,85
1522.5,176,95
1523.5,165,93
1524.5,159,87
1525.5,154,101
1526.5,153,84
1527.5,138,88
1528.5,168,102
1529.5,176,116
1530.5,188,112
1531.5,155,89
1532.5,165,90
1533.5,142,99
1534.5,166,89
1535.5,155,84
1536.5,178,95
1537.5,168,98
1538.5,183,102
1539.5,157,99
1540.5,179,101
1541.5,143,82
1542.5,139,83
1543.5,155,84
1544.5,157,86
1545.5,151,73
1546.5,166,89
1547.5,134,75
1548.5,168,102
1549.5,141,82
1550.5,178,107
1551.5,170,94
1552.5,155,94
1553.5,161,100
1554.5,157,93
1555.5,158,87
1556.5,227,145
1557.5,230,144
1558.5,237,163
1559.5,221,127
1560.5,168,98
1561.5,163,103
1562.5,172,110
1563.5,162,103
1564.5,158,96
1565.5,147,82
1566.5,162,102
1567.5,167,96
1568.5,141,71
1569.5,147,85
1570.5,149,88
1571.5,139,75
1572.5,171,104
1573.5,165,98
1574.5,168,107
1575.5,183,111
1576.5,167,98
1577.5,207,136
1578.5,239,147
1579.5,359,257
1580.5,382,269
1581.5,397,294
1582.5,345,247
1583.5,303,205
1584.5,328,202
1585.5,479,322
1586.5,849,633
1587.5,1377,1041
1588.5,1612,1227
1589.5,1512,1089
1590.5,1259,816
1591.5,1176,622
1592.5,1324,644
1593.5,1182,560
1594.5,811,405
1595.5,483,249
1596.5,277,148
1597.5,204,110
1598.5,173,96
1599.5,171,102
1600.5,149,73
1601.5,166,84
1602.5,174,100
1603.5,168,103
1604.5,180,95
1605.5,182,98
1606.5,163,99
1607.5,198,117
1608.5,172,100
1609.5,187,109
1610.5,169,100
1611.5,173,110
1612.5,191,129
1613.5,181,109
1614.5,173,100
1615.5,188,102
1616.5,187,126
1617.5,289,177
1618.5,443,322
1619.5,719,539
1620.5,829,634
1621.5,727,564
1622.5,574,441
1623.5,404,295
1624.5,340,234
1625.5,287,208
1626.5,289,182
1627.5,366,258
1628.5,492,362
1629.5,698,534
1630.5,891,688
1631.5,733,570
1632.5,540,406
1633.5,314,210
1634.5,252,148
1635.5,234,146
1636.5,282,194
1637.5,332,230
1638.5,324,224
1639.5,298,205
1640.5,223,141
1641.5,173,128
1642.5,170,111
1643.5,150,82
1644.5,158,83
1645.5,155,91
1646.5,159,90
1647.5,164,102
1648.5,153,82
1649.5,168,109
1650.5,187,109
1651.5,168,88
1652.5,170,106
1653.5,199,119
1654.5,153,92
1655.5,174,95
1656.5,160,95
1657.5,182,100
1658.5,144,81
1659.5,181,110
1660.5,175,101
1661.5,172,111
1662.5,187,113
1663.5,208,129
1664.5,224,140
1665.5,255,167
1666.5,251,160
1667.5,218,130
1668.5,225,128
1669.5,151,86
1670.5,160,97
1671.5,176,95
1672.5,161,93
1673.5,158,94
1674.5,168,94
1675.5,169,91
1676.5,187,111
1677.5,245,147
1678.5,208,136
1679.5,177,108
1680.5,197,112
1681.5,187,99
1682.5,197,105
1683.5,185,111
1684.5,218,133
1685.5,198,133
1686.5,217,134
1687.5,174,111
1688.5,204,125
1689.5,165,87
1690.5,166,105
1691.5,168,85
1692.5,177,103
1693.5,151,97
1694.5,143,95
1695.5,173,96
1696.5,157,90
1697.5,180,94
1698.5,168,104
1699.5,168,101
1700.5,174,102
1701.5,191,124
1702.5,187,117
1703.5,181,98
1704.5,191,111
1705.5,156,99
1706.5,181,98
1707.5,170,96
1708.5,181,103
1709.5,180,101
1710.5,172,104
1711.5,168,89
1712.5,166,94
1713.5,182,98
1714.5,167,95
1715.5,178,103
1716.5,181,103
1717.5,180,100
1718.5,166,106
1719.5,205,120
1720.5,175,99
1721.5,146,81
1722.5,184,117
1723.5,169,88
1724.5,164,99
1725.5,190,106
1726.5,175,101
1727.5,147,92
1728.5,163,94
1729.5,171,102
1730.5,179,103
1731.5,161,100
1732.5,166,97
1733.5,169,105
1734.5,182,103
1735.5,170,95
1736.5,164,94
1737.5,153,85
1738.5,168,96
1739.5,168,96
1740.5,177,115
1741.5,175,111
1742.5,173,104
1743.5,164,95
1744.5,166,102
1745.5,163,106
1746.5,166,92
1747.5,170,106
1748.5,166,97
1749.5,165,91
1750.5,153,93
1751.5,162,97
1752.5,163,85
1753.5,160,100
1754.5,157,96
1755.5,192,111
1756.5,187,119
1757.5,169,98
1758.5,169,103
1759.5,196,109
1760.5,180,101
1761.5,180,107
1762.5,219,136
1763.5,198,124
1764.5,182,104
1765.5,199,115
1766.5,179,100
1767.5,186,112
1768.5,183,102
1769.5,154,86
1770.5,180,101
1771.5,161,81
1772.5,160,92
1773.5,197,114
1774.5,186,118
1775.5,155,96
1776.5,174,102
1777.5,168,103
1778.5,175,102
1779.5,180,94
1780.5,175,110
1781.5,156,96
1782.5,200,111
1783.5,157,88
1784.5,181,105
1785.5,182,106
1786.5,172,110
1787.5,160,99
1788.5,181,103
1789.5,168,90
1790.5,183,97
1791.5,177,116
1792.5,172,103
1793.5,178,109
1794.5,201,108
1795.5,153,90
1796.5,185,110
1797.5,166,102
1798.5,153,98
1799.5,183,110
1800.5,173,106
1801.5,197,123
1802.5,180,110
1803.5,189,116
1804.5,203,116
1805.5,230,153
1806.5,192,122
1807.5,219,135
1808.5,177,99
1809.5,171,100
1810.5,173,91
1811.5,146,86
1812.5,182,115
1813.5,189,110
1814.5,173,101
1815.5,179,112
1816.5,196,119
1817.5,162,95
1818.5,170,102
1819.5,178,111
1820.5,191,124
1821.5,213,129
1822.5,190,125
1823.5,176,101
1824.5,145,88
1825.5,183,112
1826.5,187,111
1827.5,173,97
1828.5,197,114
1829.5,192,110
1830.5,191,108
1831.5,181,113
1832.5,176,107
1833.5,184,126
1834.5,176,102
1835.5,183,95
1836.5,200,124
1837.5,179,114
1838.5,175,111
1839.5,184,109
1840.5,198,131
1841.5,223,132
1842.5,205,116
1843.5,201,115
1844.5,180,98
1845.5,160,101
1846.5,179,104
1847.5,166,97
1848.5,203,140
1849.5,175,108
1850.5,183,112
1851.5,185,120
1852.5,159,103
1853.5,192,118
1854.5,173,105
1855.5,163,92
1856.5,201,112
1857.5,196,112
1858.5,166,108
1859.5,208,118
1860.5,173,96
1861.5,177,103
1862.5,177,105
1863.5,182,110
1864.5,209,133
1865.5,210,118
1866.5,182,106
1867.5,185,100
1868.5,186,124
1869.5,218,105
1870.5,182,120
1871.5,165,101
1872.5,195,123
1873.5,183,110
1874.5,182,118
1875.5,202,123
1876.5,227,146
1877.5,192,108
1878.5,211,122
1879.5,198,118
1880.5,186,122
1881.5,214,120
1882.5,176,106
1883.5,211,134
1884.5,232,138
1885.5,222,138
1886.5,232,136
1887.5,213,131
1888.5,191,122
1889.5,191,115
1890.5,204,124
1891.5,201,119
1892.5,213,121
1893.5,181,109
1894.5,185,98
1895.5,215,122
1896.5,198,116
1897.5,216,150
1898.5,181,100
1899.5,208,125
1900.5,187,119
1901.5,198,129
1902.5,184,121
1903.5,198,123
1904.5,211,135
1905.5,191,105
1906.5,167,98
1907.5,196,120
1908.5,187,117
1909.5,217,133
1910.5,209,113
1911.5,183,118
1912.5,198,112
1913.5,200,124
1914.5,205,116
1915.5,203,118
1916.5,197,121
1917.5,202,130
1918.5,191,120
1919.5,202,124
1920.5,234,156
1921.5,204,122
1922.5,224,151
1923.5,191,121
1924.5,192,111
1925.5,199,134
1926.5,186,124
1927.5,204,118
1928.5,192,127
1929.5,226,134
1930.5,206,111
1931.5,211,131
1932.5,198,130
1933.5,198,126
1934.5,187,101
1935.5,180,104
1936.5,169,103
1937.5,171,105
1938.5,192,119
1939.5,194,110
1940.5,187,123
1941.5,209,131
1942.5,191,125
1943.5,203,134
1944.5,207,128
1945.5,188,105
1946.5,176,101
1947.5,184,116
1948.5,217,140
1949.5,170,101
1950.5,218,143
1951.5,208,134
1952.5,179,119
1953.5,183,118
1954.5,198,110
1955.5,186,124
1956.5,175,109
1957.5,184,100
1958.5,182,111
1959.5,187,114
1960.5,191,114
1961.5,192,113
1962.5,196,120
1963.5,199,132
1964.5,199,112
1965.5,219,137
1966.5,192,112
1967.5,189,101
1968.5,182,111
1969.5,184,122
1970.5,209,141
1971.5,191,107
1972.5,196,121
1973.5,190,104
1974.5,166,107
1975.5,193,112
1976.5,191,124
1977.5,203,122
1978.5,186,122
1979.5,161,105
1980.5,201,131
1981.5,216,154
1982.5,181,116
1983.5,208,123
1984.5,196,116
1985.5,192,121
1986.5,179,107
1987.5,210,126
1988.5,174,111
1989.5,179,101
1990.5,219,121
1991.5,194,121
1992.5,187,112
1993.5,178,100
1994.5,186,108
1995.5,191,117
1996.5,195,122
1997.5,169,97
1998.5,178,120
1999.5,179,106
2000.5,178,107
2001.5,195,114
2002.5,214,126
2003.5,163,108
2004.5,185,107
2005.5,188,115
2006.5,185,116
2007.5,172,97
2008.5,199,125
2009.5,210,134
2010.5,185,104
2011.5,202,123
2012.5,188,111
2013.5,183,109
2014.5,175,112
2015.5,176,116
2016.5,176,102
2017.5,170,105
2018.5,172,108
2019.5,193,120
2020.5,187,114
2021.5,162,98
2022.5,186,112
2023.5,189,116
2024.5,177,109
2025.5,181,113
2026.5,199,117
2027.5,171,100
2028.5,180,120
2029.5,188,106
2030.5,205,126
2031.5,189,125
2032.5,200,125
2033.5,192,120
2034.5,210,142
2035.5,215,145
2036.5,197,127
2037.5,191,119
2038.5,203,119
2039.5,211,129
2040.5,176,107
2041.5,197,126
2042.5,199,128
2043.5,180,115
2044.5,183,115
2045.5,194,120
2046.5,192,121
2047.5,175,117
2048.5,176,101
2049.5,193,122
2050.5,163,105
2051.5,193,123
2052.5,213,135
2053.5,192,122
2054.5,184,117
2055.5,191,115
2056.5,199,120
2057.5,189,118
2058.5,180,121
2059.5,193,122
2060.5,194,113
2061.5,224,141
2062.5,210,136
2063.5,189,127
2064.5,214,139
2065.5,210,131
2066.5,189,121
2067.5,196,121
2068.5,194,125
2069.5,192,113
2070.5,165,100
2071.5,190,112
2072.5,225,145
2073.5,186,130
2074.5,184,114
2075.5,192,113
2076.5,209,133
2077.5,186,115
2078.5,174,112
2079.5,206,129
2080.5,190,128
2081.5,201,131
2082.5,192,126
2083.5,189,121
2084.5,166,101
2085.5,181,122
2086.5,190,120
2087.5,205,135
2088.5,199,129
2089.5,188,124
2090.5,226,150
2091.5,211,129
2092.5,197,139
2093.5,228,141
2094.5,215,132
2095.5,206,123
2096.5,288,175
2097.5,345,210
2098.5,467,309
2099.5,701,498
2100.5,1041,797
2101.5,1255,987
2102.5,1352,1046
2103.5,1230,925
2104.5,853,645
2105.5,516,357
2106.5,339,230
2107.5,286,183
2108.5,252,152
2109.5,219,144
2110.5,259,168
2111.5,204,135
2112.5,229,157
2113.5,209,128
2114.5,221,142
2115.5,204,128
2116.5,218,147
2117.5,217,133
2118.5,227,131
2119.5,233,150
2120.5,206,128
2121.5,241,154
2122.5,225,135
2123.5,225,150
2124.5,202,124
2125.5,213,148
2126.5,217,130
2127.5,187,113
2128.5,264,170
2129.5,221,146
2130.5,222,134
2131.5,224,145
2132.5,228,147
2133.5,214,143
2134.5,243,149
2135.5,210,134
2136.5,226,143
2137.5,235,141
2138.5,230,163
2139.5,222,136
2140.5,223,143
2141.5,233,140
2142.5,237,152
2143.5,217,139
2144.5,177,124
2145.5,206,120
2146.5,219,144
2147.5,219,140
2148.5,237,160
2149.5,224,138
2150.5,227,144
2151.5,218,146
2152.5,225,148
2153.5,215,132
2154.5,244,152
2155.5,210,140
2156.5,211,130
2157.5,245,153
2158.5,229,151
2159.5,227,156
2160.5,243,146
2161.5,229,146
2162.5,211,146
2163.5,230,142
2164.5,244,143
2165.5,231,159
2166.5,234,136
2167.5,258,166
2168.5,225,146
2169.5,228,145
2170.5,251,158
2171.5,216,137
2172.5,277,184
2173.5,238,150
2174.5,221,129
2175.5,246,162
2176.5,220,140
2177.5,226,146
2178.5,238,134
2179.5,224,135
2180.5,225,140
2181.5,230,137
2182.5,237,152
2183.5,252,158
2184.5,215,129
2185.5,259,161
2186.5,247,155
2187.5,224,142
2188.5,237,166
2189.5,261,160
2190.5,258,154
2191.5,245,146
2192.5,247,139
2193.5,255,171
2194.5,283,182
2195.5,209,130
2196.5,283,181
2197.5,258,162
2198.5,255,171
2199.5,236,159
2200.5,253,161
2201.5,243,150
2202.5,255,147
2203.5,244,158
2204.5,246,175
2205.5,241,145
2206.5,250,160
2207.5,228,142
2208.5,234,153
2209.5,237,162
2210.5,247,147
2211.5,258,172
2212.5,238,145
2213.5,245,162
2214.5,248,152
2215.5,254,167
2216.5,236,167
2217.5,254,163
2218.5,264,174
2219.5,249,150
2220.5,250,154
2221.5,249,164
2222.5,262,162
2223.5,277,167
2224.5,255,161
2225.5,243,167
2226.5,267,170
2227.5,256,159
2228.5,219,148
2229.5,225,145
2230.5,258,158
2231.5,252,158
2232.5,285,177
2233.5,279,190
2234.5,237,158
2235.5,256,152
2236.5,272,176
2237.5,260,173
2238.5,296,182
2239.5,230,130
2240.5,261,167
2241.5,253,160
2242.5,262,168
2243.5,272,177
2244.5,269,166
2245.5,292,190
2246.5,274,167
2247.5,253,161
2248.5,271,172
2249.5,281,181
2250.5,253,168
2251.5,285,179
2252.5,297,197
2253.5,255,145
2254.5,262,157
2255.5,261,161
2256.5,262,170
2257.5,291,181
2258.5,287,165
2259.5,236,155
2260.5,257,158
2261.5,304,187
2262.5,300,190
2263.5,290,184
2264.5,279,176
2265.5,270,163
2266.5,268,165
2267.5,293,171
2268.5,294,200
2269.5,289,185
2270.5,282,178
2271.5,299,185
2272.5,292,185
2273.5,279,180
2274.5,294,173
2275.5,268,163
2276.5,300,185
2277.5,287,177
2278.5,284,185
2279.5,297,180
2280.5,334,226
2281.5,300,195
2282.5,302,201
2283.5,319,214
2284.5,270,168
2285.5,283,176
2286.5,260,152
2287.5,276,159
2288.5,294,187
2289.5,319,212
2290.5,294,173
2291.5,313,197
2292.5,308,171
2293.5,307,181
2294.5,312,193
2295.5,316,188
2296.5,307,212
2297.5,331,215
2298.5,312,197
2299.5,321,202
2300.5,315,195
2301.5,312,201
2302.5,308,185
2303.5,308,193
2304.5,298,190
2305.5,322,195
2306.5,289,178
2307.5,287,183
2308.5,322,207
2309.5,313,198
2310.5,323,200
2311.5,312,218
2312.5,301,191
2313.5,352,230
2314.5,299,183
2315.5,327,203
2316.5,294,181
2317.5,297,180
2318.5,314,199
2319.5,323,203
2320.5,295,181
2321.5,322,204
2322.5,344,210
2323.5,362,207
2324.5,342,178
2325.5,342,217
2326.5,353,224
2327.5,348,215
2328.5,334,213
2329.5,360,225
2330.5,351,210
2331.5,313,196
2332.5,337,216
2333.5,355,218
2334.5,334,206
2335.5,358,215
2336.5,383,255
2337.5,357,208
2338.5,357,215
2339.5,350,220
2340.5,340,205
2341.5,365,245
2342.5,327,202
2343.5,363,218
2344.5,360,236
2345.5,330,226
2346.5,378,231
2347.5,359,207
2348.5,332,211
2349.5,360,228
2350.5,392,243
2351.5,397,248
2352.5,340,218
2353.5,362,220
2354.5,384,245
2355.5,339,196
2356.5,373,210
2357.5,378,228
2358.5,350,219
2359.5,419,256
2360.5,384,238
2361.5,375,227
2362.5,397,254
2363.5,388,228
2364.5,363,230
2365.5,376,229
2366.5,386,249
2367.5,372,228
2368.5,367,218
2369.5,377,232
2370.5,378,216
2371.5,364,223
2372.5,394,256
2373.5,344,211
2374.5,328,204
2375.5,368,227
2376.5,360,220
2377.5,367,236
2378.5,343,220
2379.5,357,237
2380.5,346,232
2381.5,291,195
2382.5,278,192
2383.5,276,182
2384.5,284,195
2385.5,248,172
2386.5,303,209
2387.5,286,208
2388.5,266,192
2389.5,251,184
2390.5,257,183
2391.5,237,178
2392.5,227,160
2393.5,259,191
2394.5,241,169
2395.5,243,173
2396.5,234,164
2397.5,229,174
2398.5,257,177
2399.5,261,170
2400.5,235,163
2401.5,257,185
2402.5,249,179
2403.5,252,178
2404.5,224,170
2405.5,227,169
2406.5,247,173
2407.5,245,174
2408.5,210,161
2409.5,221,159
2410.5,211,152
2411.5,213,148
2412.5,212,143
2413.5,222,167
2414.5,228,157
2415.5,212,152
2416.5,209,149
2417.5,229,170
2418.5,226,148
2419.5,233,162
2420.5,232,167
2421.5,206,150
2422.5,189,139
2423.5,249,189
2424.5,212,151
2425.5,203,148
2426.5,217,157
2427.5,198,144
2428.5,209,145
2429.5,208,150
2430.5,219,145
2431.5,198,151
2432.5,175,120
2433.5,218,150
2434.5,198,134
2435.5,208,137
2436.5,200,140
2437.5,187,133
2438.5,210,151
2439.5,205,138
2440.5,177,132
2441.5,191,131
2442.5,195,148
2443.5,205,150
2444.5,210,146
2445.5,178,120
2446.5,170,126
2447.5,163,116
2448.5,192,134
2449.5,204,158
2450.5,194,138
2451.5,160,108
2452.5,164,119
2453.5,196,133
2454.5,165,116
2455.5,170,127
2456.5,197,147
2457.5,170,127
2458.5,194,147
2459.5,180,132
2460.5,177,130
2461.5,156,114
2462.5,154,111
2463.5,187,142
2464.5,150,103
2465.5,137,99
2466.5,146,109
2467.5,150,111
2468.5,152,106
2469.5,170,134
2470.5,121,88
2471.5,158,112
2472.5,138,98
2473.5,150,112
2474.5,126,92
2475.5,126,85
2476.5,108,75
2477.5,110,77
2478.5,154,117
2479.5,149,107
2480.5,119,92
2481.5,104,76
2482.5,125,91
2483.5,131,98
2484.5,129,92
2485.5,124,95
2486.5,108,86
2487.5,129,100
2488.5,99,87
2489.5,126,92
2490.5,117,86
2491.5,118,90
2492.5,95,65
2493.5,109,73
2494.5,105,80
2495.5,91,64
2496.5,111,86
2497.5,88,70
2498.5,92,63
2499.5,79,63
2500.5,92,64
2501.5,84,58
2502.5,76,56
2503.5,87,66
2504.5,84,64
2505.5,66,46
2506.5,71,51
2507.5,80,57
2508.5,57,42
2509.5,59,47
2510.5,74,56
2511.5,60,40
2512.5,68,48
2513.5,62,44
2514.5,67,52
2515.5,62,43
2516.5,54,37
2517.5,72,57
2518.5,61,43
2519.5,75,57
2520.5,55,41
2521.5,45,33
2522.5,44,33
2523.5,66,41
2524.5,46,36
2525.5,56,44
2526.5,48,38
2527.5,64,49
2528.5,57,43
2529.5,40,32
2530.5,58,42
2531.5,44,30
2532.5,49,43
2533.5,56,37
2534.5,66,52
2535.5,44,31
2536.5,64,49
2537.5,57,44
2538.5,46,37
2539.5,40,32
2540.5,40,31
2541.5,47,35
2542.5,37,29
2543.5,33,24
2544.5,45,33
2545.5,27,25
2546.5,42,33
2547.5,49,39
2548.5,44,32
2549.5,35,24
2550.5,37,30
2551.5,50,40
2552.5,49,40
2553.5,51,38
2554.5,44,31
2555.5,48,33
2556.5,43,33
2557.5,47,38
2558.5,44,32
2559.5,53,44
2560.5,42,35
2561.5,34,26
2562.5,41,29
2563.5,58,43
2564.5,44,36
2565.5,45,40
2566.5,43,37
2567.5,39,30
2568.5,49,39
2569.5,40,31
2570.5,53,42
2571.5,38,30
2572.5,40,30
2573.5,42,32
2574.5,40,35
2575.5,41,29
2576.5,49,39
2577.5,37,27
2578.5,46,36
2579.5,36,27
2580.5,39,32
2581.5,45,30
2582.5,52,44
2583.5,29,26
2584.5,40,35
2585.5,43,31
2586.5,39,32
2587.5,35,22
2588.5,36,29
2589.5,51,41
2590.5,45,38
2591.5,36,27
2592.5,58,41
2593.5,41,27
2594.5,44,33
2595.5,32,26
2596.5,60,42
2597.5,45,36
2598.5,53,41
2599.5,54,42
2600.5,49,39
2601.5,61,49
2602.5,63,45
2603.5,87,71
2604.5,86,57
2605.5,122,77
2606.5,143,83
2607.5,197,105
2608.5,289,163
2609.5,536,357
2610.5,1228,906
2611.5,2893,2308
2612.5,5653,4598
2613.5,8183,6706
2614.5,9262,7497
2615.5,7530,6169
2616.5,4390,3496
2617.5,1942,1504
2618.5,646,489
2619.5,178,132
2620.5,39,31
2621.5,8,5
2622.5,7,5
2623.5,9,8
2624.5,11,9
2625.5,9,7
2626.5,11,6
2627.5,13,11
2628.5,12,11
2629.5,13,8
2630.5,7,5
2631.5,9,7
2632.5,13,9
2633.5,6,6
2634.5,9,8
2635.5,8,4
2636.5,2,2
2637.5,8,6
2638.5,3,3
2639.5,7,7
2640.5,16,10
2641.5,10,6
2642.5,5,3
2643.5,10,9
2644.5,9,8
2645.5,14,11
2646.5,13,10
2647.5,6,4
2648.5,10,8
2649.5,7,6
2650.5,7,6
2651.5,4,2
2652.5,4,4
2653.5,13,11
2654.5,10,8
2655.5,7,7
2656.5,4,3
2657.5,11,8
2658.5,4,3
2659.5,8,8
2660.5,7,6
2661.5,8,5
2662.5,4,3
2663.5,3,3
2664.5,11,9
2665.5,0,0
2666.5,6,3
2667.5,11,5
2668.5,3,2
2669.5,13,11
2670.5,2,1
2671.5,7,2
2672.5,8,6
2673.5,9,8
2674.5,9,7
2675.5,5,4
2676.5,7,5
2677.5,6,6
2678.5,13,8
2679.5,8,5
2680.5,5,4
2681.5,7,4
2682.5,13,11
2683.5,13,8
2684.5,9,7
2685.5,9,8
2686.5,19,16
2687.5,7,7
2688.5,17,12
2689.5,10,6
2690.5,11,6
2691.5,7,6
2692.5,2,2
2693.5,10,9
2694.5,5,4
2695.5,9,9
2696.5,12,10
2697.5,14,10
2698.5,16,13
2699.5,6,4
2700.5,4,2
2701.5,5,4
2702.5,15,11
2703.5,5,3
2704.5,6,4
2705.5,9,9
2706.5,9,6
2707.5,4,3
2708.5,10,8
2709.5,11,9
2710.5,2,1
2711.5,5,4
2712.5,5,4
2713.5,9,5
2714.5,10,7
2715.5,10,7
2716.5,8,8
2717.5,5,5
2718.5,3,2
2719.5,7,6
2720.5,10,5
2721.5,5,3
2722.5,3,1
2723.5,11,8
2724.5,7,6
2725.5,9,6
2726.5,7,6
2727.5,5,4
2728.5,5,3
2729.5,9,5
2730.5,8,5
2731.5,5,4
2732.5,7,5
2733.5,5,4
2734.5,9,8
2735.5,12,7
2736.5,11,9
2737.5,10,8
2738.5,8,6
2739.5,7,4
2740.5,4,3
2741.5,5,4
2742.5,9,8
2743.5,9,8
2744.5,8,6
2745.5,11,7
2746.5,13,9
2747.5,4,4
2748.5,6,3
2749.5,14,12
2750.5,3,3
2751.5,4,3
2752.5,8,6
2753.5,13,11
2754.5,8,5
2755.5,3,3
2756.5,11,10
2757.5,10,5
2758.5,4,4
2759.5,8,7
2760.5,5,2
2761.5,6,6
2762.5,12,7
2763.5,13,9
2764.5,10,7
2765.5,12,8
2766.5,6,5
2767.5,9,7
2768.5,7,6
2769.5,6,5
2770.5,5,4
2771.5,10,10
2772.5,8,5
2773.5,7,6
2774.5,6,4
2775.5,5,3
2776.5,6,6
2777.5,12,10
2778.5,3,2
2779.5,7,6
2780.5,6,5
2781.5,4,2
2782.5,9,5
2783.5,7,6
2784.5,9,6
2785.5,8,5
2786.5,6,5
2787.5,10,8
2788.5,5,3
2789.5,8,4
2790.5,4,3
2791.5,15,13
2792.5,7,5
2793.5,6,3
2794.5,4,2
2795.5,9,6
2796.5,10,9
2797.5,8,5
2798.5,7,4
2799.5,8,7
2800.5,8,7
2801.5,1,1
2802.5,7,6
2803.5,6,5
2804.5,8,5
2805.5,8,7
2806.5,6,5
2807.5,8,6
2808.5,0,0
2809.5,8,7
2810.5,7,5
2811.5,9,5
2812.5,5,3
2813.5,7,6
2814.5,7,4
2815.5,2,2
2816.5,3,2
2817.5,8,8
2818.5,6,3
2819.5,7,6
2820.5,10,8
2821.5,9,6
2822.5,6,4
2823.5,5,5
2824.5,3,1
2825.5,7,7
2826.5,7,5
2827.5,6,4
2828.5,3,3
2829.5,5,4
2830.5,7,6
2831.5,7,7
2832.5,3,2
2833.5,2,2
2834.5,5,5
2835.5,5,5
2836.5,7,6
2837.5,4,3
2838.5,5,4
2839.5,4,2
2840.5,7,3
2841.5,1,1
2842.5,4,4
2843.5,4,4
2844.5,5,4
2845.5,2,2
2846.5,4,2
2847.5,7,7
2848.5,10,7
2849.5,3,2
2850.5,5,4
2851.5,6,6
2852.5,6,4
2853.5,4,4
2854.5,6,6
2855.5,6,5
2856.5,4,4
2857.5,6,5
2858.5,5,3
2859.5,5,3
2860.5,3,3
2861.5,6,4
2862.5,5,5
2863.5,4,4
2864.5,5,3
2865.5,10,9
2866.5,5,4
2867.5,7,6
2868.5,4,4
2869.5,5,5
2870.5,2,2
2871.5,5,4
2872.5,4,4
2873.5,7,7
2874.5,2,1
2875.5,3,3
2876.5,7,7
2877.5,7,4
2878.5,3,3
2879.5,5,4
2880.5,4,3
2881.5,7,6
2882.5,6,4
2883.5,3,3
2884.5,11,8
2885.5,2,2
2886.5,8,6
2887.5,5,1
2888.5,8,6
2889.5,5,4
2890.5,5,5
2891.5,5,5
2892.5,6,6
2893.5,5,4
2894.5,9,7
2895.5,3,3
2896.5,1,1
2897.5,4,4
2898.5,7,5
2899.5,7,5
2900.5,2,1
2901.5,2,1
2902.5,8,7
2903.5,4,4
2904.5,4,3
2905.5,6,5
2906.5,5,4
2907.5,7,6
2908.5,5,4
2909.5,4,3
2910.5,7,4
2911.5,5,4
2912.5,5,4
2913.5,9,9
2914.5,3,3
2915.5,8,3
2916.5,6,5
2917.5,2,2
2918.5,7,2
2919.5,4,4
2920.5,4,3
2921.5,8,7
2922.5,4,3
2923.5,5,4
2924.5,7,6
2925.5,3,3
2926.5,6,5
2927.5,6,5
2928.5,5,4
2929.5,3,2
2930.5,4,2
2931.5,10,8
2932.5,8,7
2933.5,2,2
2934.5,4,3
2935.5,2,2
2936.5,5,4
2937.5,6,5
2938.5,3,2
2939.5,5,5
2940.5,4,2
2941.5,6,4
2942.5,9,9
2943.5,8,5
2944.5,3,1
2945.5,4,4
2946.5,4,3
2947.5,7,6
2948.5,6,6
2949.5,4,3
2950.5,4,3
2951.5,3,2
2952.5,3,2
2953.5,10,7
2954.5,5,3
2955.5,4,2
2956.5,3,3
2957.5,6,6
2958.5,5,5
2959.5,4,3
2960.5,6,5
2961.5,7,4
2962.5,3,3
2963.5,5,4
2964.5,3,2
2965.5,2,2
2966.5,5,5
2967.5,3,2
2968.5,3,3
2969.5,3,3
2970.5,3,2
2971.5,4,2
2972.5,3,2
2973.5,3,1
2974.5,4,2
2975.5,8,4
2976.5,3,3
2977.5,2,2
2978.5,4,4
2979.5,6,6
2980.5,3,3
2981.5,4,4
2982.5,6,5
2983.5,0,0
2984.5,1,1
2985.5,4,2
2986.5,1,0
2987.5,4,3
2988.5,3,3
2989.5,8,7
2990.5,2,1
2991.5,7,6
2992.5,4,4
2993.5,5,4
2994.5,2,1
2995.5,3,2
2996.5,5,5
2997.5,2,1
2998.5,8,7
2999.5,2,2
3000.5,6,4
3001.5,1,1
3002.5,4,4
3003.5,7,5
3004.5,1,1
3005.5,1,1
3006.5,10,8
3007.5,4,4
3008.5,3,2
3009.5,4,3
3010.5,2,1
3011.5,0,0
3012.5,0,0
3013.5,0,0
3014.5,0,0
3015.5,0,0
3016.5,0,0
3017.5,0,0
3018.5,0,0
3019.5,0,0
3020.5,0,0
3021.5,0,0
3022.5,0,0
3023.5,0,0
3024.5,0,0
3025.5,0,0
3026.5,0,0
3027.5,0,0
3028.5,0,0
3029.5,0,0
3030.5,0,0
3031.5,0,0
3032.5,0,0
3033.5,0,0
3034.5,0,0
3035.5,0,0
3036.5,0,0
3037.5,0,0
3038.5,0,0
3039.5,0,0
3040.5,0,0
3041.5,0,0
3042.5,0,0
3043.5,0,0
3044.5,0,0
3045.5,0,0
3046.5,0,0
3047.5,0,0
3048.5,0,0
3049.5,0,0
3050.5,0,0
3051.5,0,0
3052.5,0,0
3053.5,0,0
3054.5,0,0
3055.5,0,0
3056.5,0,0
3057.5,0,0
3058.5,0,0
3059.5,0,0
3060.5,0,0
3061.5,0,0
3062.5,0,0
3063.5,0,0
3064.5,0,0
3065.5,0,0
3066.5,0,0
3067.5,0,0
3068.5,0,0
3069.5,0,0
3070.5,0,0
3071.5,0,0
3072.5,0,0
3073.5,0,0
3074.5,0,0
3075.5,0,0
3076.5,0,0
3077.5,0,0
3078.5,0,0
3079.5,0,0
3080.5,0,0
3081.5,0,0
3082.5,0,0
3083.5,0,0
3084.5,0,0
3085.5,0,0
3086.5,0,0
3087.5,0,0
3088.5,0,0
3089.5,0,0
3090.5,0,0
3091.5,0,0
3092.5,0,0
3093.5,0,0
3094.5,0,0
3095.5,0,0
3096.5,0,0
3097.5,0,0
3098.5,0,0
3099.5,0,0
3100.5,0,0
3101.5,0,0
3102.5,0,0
3103.5,0,0
3104.5,0,0
3105.5,0,0
3106.5,0,0
3107.5,0,0
3108.5,0,0
3109.5,0,0
3110.5,0,0
3111.5,0,0
3112.5,0,0
3113.5,0,0
3114.5,0,0
3115.5,0,0
3116.5,0,0
3117.5,0,0
3118.5,0,0
3119.5,0,0
3120.5,0,0
3121.5,0,0
3122.5,0,0
3123.5,0,0
3124.5,0,0
3125.5,0,0
3126.5,0,0
3127.5,0,0
3128.5,0,0
3129.5,0,0
3130.5,0,0
3131.5,0,0
3132.5,0,0
3133.5,0,0
3134.5,0,0
3135.5,0,0
3136.5,0,0
3137.5,0,0
3138.5,0,0
3139.5,0,0
3140.5,0,0
3141.5,0,0
3142.5,0,0
3143.5,0,0
3144.5,0,0
3145.5,0,0
3146.5,0,0
3147.5,0,0
3148.5,0,0
3149.5,0,0
3150.5,0,0
3151.5,0,0
3152.5,0,0
3153.5,0,0
3154.5,0,0
3155.5,0,0
3156.5,0,0
3157.5,0,0
3158.5,0,0
3159.5,0,0
3160.5,0,0
3161.5,0,0
3162.5,0,0
3163.5,0,0
3164.5,0,0
3165.5,0,0
3166.5,0,0
3167.5,0,0
3168.5,0,0
3169.5,0,0
3170.5,0,0
3171.5,0,0
3172.5,0,0
3173.5,0,0
3174.5,0,0
3175.5,0,0
3176.5,0,0
3177.5,0,0
3178.5,0,0
3179.5,0,0
3180.5,0,0
3181.5,0,0
3182.5,0,0
3183.5,0,0
3184.5,0,0
3185.5,0,0
3186.5,0,0
3187.5,0,0
3188.5,0,0
3189.5,0,0
3190.5,0,0
3191.5,0,0
3192.5,0,0
3193.5,0,0
3194.5,0,0
3195.5,0,0
3196.5,0,0
3197.5,0,0
3198.5,0,0
3199.5,0,0
